nomor order,nama,produk,category,quantitas,harga,order date,snipped,country
ORD-2026001,Siti Aminah,Wireless Mouse,Elektronik,2,300000,2026-02-05,J&T Express,Indonesia
ORD-2026002,Agus Setiawan,Bluetooth Earphone,Elektronik,4,150000,2026-01-08,J&T Express,Indonesia
ORD-2026003,Dewi Lestari,Topi Baseball,Pakaian,5,75000,2026-05-24,JNE Reguler,Indonesia
ORD-2026004,Agus Setiawan,Botol Minum Olahraga,Olahraga,4,120000,2026-07-27,J&T Express,Indonesia
ORD-2026005,Budi Santoso,Tali Skipping,Olahraga,3,60000,2026-02-25,SiCepat,Indonesia
ORD-2026006,Siti Aminah,Keyboard Mechanical,Elektronik,1,1200000,2026-08-05,SiCepat,Indonesia
ORD-2026007,Mega Utami,Blender Buah,Rumah Tangga,4,50000,2026-04-07,J&T Express,Indonesia
ORD-2026008,Agus Setiawan,Lampu LED 12W,Rumah Tangga,3,180000,2026-06-30,J&T Express,Indonesia
ORD-2026009,Ahmad Fauzi,Celana Chino,Pakaian,1,120000,2026-08-10,J&T Express,Indonesia
ORD-2026010,Rian Wijaya,Set Pisau Dapur,Rumah Tangga,3,180000,2026-04-05,SiCepat,Indonesia
ORD-2026011,Dewi Lestari,Blender Buah,Rumah Tangga,5,180000,2026-05-17,JNE Reguler,Indonesia
ORD-2026012,Budi Santoso,Dumbbell 5kg,Olahraga,3,60000,2026-06-25,SiCepat,Indonesia
ORD-2026013,Ahmad Fauzi,Kaos Polos Cotton,Pakaian,3,250000,2026-03-10,J&T Express,Indonesia
ORD-2026014,Dewi Lestari,Rice Cooker 2L,Rumah Tangga,4,450000,2026-08-15,GoSend,Indonesia
ORD-2026015,Budi Santoso,Rice Cooker 2L,Rumah Tangga,2,350000,2026-07-11,GrabExpress,Indonesia
ORD-2026016,Rian Wijaya,Tali Skipping,Olahraga,2,60000,2026-05-11,GoSend,Indonesia
ORD-2026017,Siti Aminah,Smartphone Android,Elektronik,2,300000,2026-07-22,GoSend,Indonesia
ORD-2026018,Mega Utami,Keyboard Mechanical,Elektronik,4,7500000,2026-05-16,SiCepat,Indonesia
ORD-2026019,Agus Setiawan,Smartphone Android,Elektronik,5,1200000,2026-07-16,SiCepat,Indonesia
ORD-2026020,Siti Aminah,Set Pisau Dapur,Rumah Tangga,2,450000,2026-01-01,SiCepat,Indonesia
ORD-2026021,Agus Setiawan,Topi Baseball,Pakaian,1,150000,2026-08-04,GrabExpress,Indonesia
ORD-2026022,Mega Utami,Jaket Hoodie,Pakaian,3,120000,2026-05-19,GrabExpress,Indonesia
ORD-2026023,Ahmad Fauzi,Set Pisau Dapur,Rumah Tangga,1,50000,2026-04-03,SiCepat,Indonesia
ORD-2026024,Dewi Lestari,Laptop Core i5,Elektronik,5,150000,2026-01-22,GoSend,Indonesia
ORD-2026025,Siti Aminah,Jaket Hoodie,Pakaian,4,120000,2026-03-09,GrabExpress,Indonesia
ORD-2026026,Mega Utami,Botol Minum Olahraga,Olahraga,5,60000,2026-07-02,SiCepat,Indonesia
ORD-2026027,Rian Wijaya,Set Pisau Dapur,Rumah Tangga,5,450000,2026-01-31,JNE Reguler,Indonesia
ORD-2026028,Dewi Lestari,Wireless Mouse,Elektronik,1,300000,2026-05-31,JNE Reguler,Indonesia
ORD-2026029,Ahmad Fauzi,Smartphone Android,Elektronik,2,150000,2026-01-09,SiCepat,Indonesia
ORD-2026030,Siti Aminah,Celana Chino,Pakaian,4,120000,2026-05-19,JNE Reguler,Indonesia
ORD-2026031,Mega Utami,Botol Minum Olahraga,Olahraga,4,250000,2026-02-18,J&T Express,Indonesia
ORD-2026032,Siti Aminah,Tali Skipping,Olahraga,4,250000,2026-04-30,J&T Express,Indonesia
ORD-2026033,Siti Aminah,Keyboard Mechanical,Elektronik,3,150000,2026-03-05,JNE Reguler,Indonesia
ORD-2026034,Dewi Lestari,Botol Minum Olahraga,Olahraga,4,60000,2026-03-13,GoSend,Indonesia
ORD-2026035,Dewi Lestari,Keyboard Mechanical,Elektronik,5,150000,2026-01-13,GrabExpress,Indonesia
ORD-2026036,Ahmad Fauzi,Laptop Core i5,Elektronik,2,7500000,2026-05-05,GoSend,Indonesia
ORD-2026037,Dewi Lestari,Matras Yoga,Olahraga,2,250000,2026-01-01,GoSend,Indonesia
ORD-2026038,Eko Prasetyo,Tali Skipping,Olahraga,4,250000,2026-02-09,JNE Reguler,Indonesia
ORD-2026039,Eko Prasetyo,Kaos Polos Cotton,Pakaian,5,75000,2026-07-11,SiCepat,Indonesia
ORD-2026040,Ahmad Fauzi,Bluetooth Earphone,Elektronik,4,300000,2026-01-15,GrabExpress,Indonesia
ORD-2026041,Siti Aminah,Kaos Polos Cotton,Pakaian,5,75000,2026-06-22,JNE Reguler,Indonesia
ORD-2026042,Rian Wijaya,Bluetooth Earphone,Elektronik,2,150000,2026-06-08,J&T Express,Indonesia
ORD-2026043,Rian Wijaya,Wajan Anti Lengket,Rumah Tangga,2,350000,2026-03-03,SiCepat,Indonesia
ORD-2026044,Rian Wijaya,Celana Chino,Pakaian,4,150000,2026-07-12,J&T Express,Indonesia
ORD-2026045,Ahmad Fauzi,Tas Gym,Olahraga,5,35000,2026-01-19,GrabExpress,Indonesia
ORD-2026046,Dewi Lestari,Rice Cooker 2L,Rumah Tangga,3,50000,2026-08-14,JNE Reguler,Indonesia
ORD-2026047,Rini Handayani,Rice Cooker 2L,Rumah Tangga,4,350000,2026-06-06,GrabExpress,Indonesia
ORD-2026048,Ahmad Fauzi,Blender Buah,Rumah Tangga,2,350000,2026-01-30,J&T Express,Indonesia
ORD-2026049,Agus Setiawan,Celana Chino,Pakaian,3,120000,2026-07-03,SiCepat,Indonesia
ORD-2026050,Dewi Lestari,Lampu LED 12W,Rumah Tangga,4,350000,2026-08-05,J&T Express,Indonesia
